model,segment,val_season,n_fixtures,rps,rps_ci_low,rps_ci_high,brier_1x2,log_loss_1x2,ece_1x2,exact_scoreline_log_loss,over_2_5_log_loss,over_2_5_brier,btts_log_loss,btts_brier
dixon_coles,overall,2021-2022,380,0.19883513181592916,0.1864495107328003,0.21116421059043708,0.573198369391747,0.9633033999933394,0.048649680690094094,2.9162356591872483,0.6738201823373686,0.2403976263779398,0.6783327094026921,0.24271427647513466
dixon_coles,cold_start_involved,2021-2022,10,0.2279372233724067,0.18921018945844686,0.2537552459817134,0.6676233402344405,1.1004865128861343,0.17090988695346693,2.7945352943196635,0.6957787398379155,0.25131570722867463,0.6979181047862641,0.2523741173661319
dixon_coles,established_only,2021-2022,370,0.19804858880088919,0.18676606998059295,0.21055253428453766,0.5706463431527554,0.959595748293534,0.05458372305883901,2.919524858237724,0.6732267078103268,0.24010254311170373,0.6778033743923253,0.2424531996942969
bivariate_poisson,overall,2021-2022,380,0.198766423133957,0.18626759925291897,0.21118289575701943,0.5730315360950491,0.9630333041245296,0.05539591105551845,2.9204076758153406,0.6739657650587075,0.2404698262706223,0.6787092633198484,0.2428935540863957
bivariate_poisson,cold_start_involved,2021-2022,10,0.2279372233724067,0.18921018945844686,0.2537552459817134,0.6676233402344405,1.1004865128861343,0.17090988695346693,2.7945352943196635,0.6957787398379155,0.25131570722867463,0.6979181047862641,0.2523741173661319
bivariate_poisson,established_only,2021-2022,370,0.19797802312751242,0.18666145296193823,0.21060461670958067,0.5704750008480386,0.9593183525363781,0.06151228397468021,2.9238096320719804,0.6733762251998101,0.2401766943528371,0.6781901054423776,0.24263732264640284
ml_scoreline,overall,2021-2022,380,0.20023144194391337,0.18693837073663075,0.2126287619024063,0.5768256224636196,0.9707171632251291,0.03544877137115114,2.949883712194121,0.7008732912281824,0.25362066932254357,0.693156747179119,0.2499995759458528
ml_scoreline,cold_start_involved,2021-2022,10,0.25465087781926415,0.18261109615340052,0.3369601320017891,0.720346064046252,1.1702583194504392,0.3610622543316934,2.9419551656638374,0.6974946117656893,0.25216745363019355,0.7120082594114161,0.2594025851324357
ml_scoreline,established_only,2021-2022,370,0.1987606463797147,0.18675131739824083,0.21170485779028447,0.572946691610035,0.9653241590028234,0.04419830677853059,2.95009799723548,0.700964606889331,0.25365994542233683,0.6926472468485163,0.24974544056243167
dixon_coles,overall,2022-2023,380,0.22260771657884743,0.2080641292794449,0.23750931520661256,0.62117657485021,1.0369478412732644,0.059146001636901015,3.105662439406062,0.6967171031127817,0.25185652755872495,0.7043755566154309,0.2554412167500284
dixon_coles,cold_start_involved,2022-2023,10,0.24084623467706007,0.20211920076310017,0.2666642572863667,0.6450774080623602,1.0642563879862668,0.12909011304653306,3.411027096162459,0.6957787398379154,0.2513157072286746,0.7174701201103468,0.26211910041615705
dixon_coles,established_only,2022-2023,370,0.22211478365727405,0.2080874608982794,0.23583066933885238,0.6205306063850167,1.0362097724431836,0.05725562024745148,3.097409340574808,0.6967424642823725,0.251871144324402,0.7040216494939467,0.2552607334077006
bivariate_poisson,overall,2022-2023,380,0.22290620541148431,0.2081985690970448,0.23796703695625526,0.6218332402030988,1.0383013613174246,0.05781927021784664,3.1070187958872983,0.6963104349334832,0.2516595473998569,0.7039949666722137,0.2552616507009727
bivariate_poisson,cold_start_involved,2022-2023,10,0.24084623467706007,0.20211920076310017,0.2666642572863667,0.6450774080623602,1.0642563879862668,0.12909011304653306,3.411027096162459,0.6957787398379154,0.2513157072286746,0.7174701201103468,0.26211910041615705
bivariate_poisson,established_only,2022-2023,370,0.22242133975565795,0.20821508738747724,0.23625738248359165,0.6212050194501461,1.0375998741101589,0.05589303122247673,3.098802355339322,0.6963248050712011,0.25166884037745646,0.7036307733360478,0.25507631422218396
ml_scoreline,overall,2022-2023,380,0.20143575029959396,0.18766194132153155,0.21560216210175237,0.5794425380588595,0.9733637249642639,0.06633952022022359,3.0058446745332796,0.6824852297026744,0.2448510025718589,0.7000592937699657,0.25342946070145683
ml_scoreline,cold_start_involved,2022-2023,10,0.1839300590306011,0.12004874512381716,0.2525071164390029,0.5283708394821212,0.9041513921172729,0.10637961206674708,2.8682661176089734,0.6914119412264869,0.2511807965816836,0.6544308642211222,0.23075565111255053
ml_scoreline,established_only,2022-2023,370,0.2019088770906478,0.18700215901037473,0.21449856536470047,0.5808228542366091,0.9752343285547231,0.06525735557572296,3.0095630139096126,0.6822439672290579,0.24467992705807984,0.7012924945685829,0.25404226636602184
dixon_coles,overall,2023-2024,380,0.19773673438017525,0.18675758992715372,0.20959278857526475,0.5627782912534874,0.9506565637871803,0.03494112614248795,3.1744286085555498,0.7076828490782096,0.25655762405119065,0.6982282648498679,0.25237871671961587
dixon_coles,cold_start_involved,2023-2024,10,0.24084623467706007,0.21502821206775344,0.2666642572863667,0.6450774080623602,1.0642563879862668,0.029090113046533084,2.852427152262478,0.6881279495296724,0.24749051939250086,0.6588140741380987,0.23288415126608175
dixon_coles,established_only,2023-2024,370,0.1965716127505297,0.183952343591827,0.20999991963232642,0.5605539907991934,0.9475862982682862,0.0350992616315678,3.1831313506175247,0.7082113598768188,0.2568026809338579,0.6992935132474833,0.2529055968670087
bivariate_poisson,overall,2023-2024,380,0.19770052631765575,0.18656590060495218,0.2096804965443846,0.563101138878622,0.9509199729177601,0.04334729132588593,3.1735008999692695,0.7064267530327675,0.25601821981037526,0.693799942497656,0.2502443841619584
bivariate_poisson,cold_start_involved,2023-2024,10,0.24084623467706007,0.21502821206775344,0.2666642572863667,0.6450774080623602,1.0642563879862668,0.029090113046533084,2.852427152262478,0.6881279495296724,0.24749051939250086,0.6588140741380987,0.23288415126608175
bivariate_poisson,established_only,2023-2024,370,0.19653442609172594,0.18375302317809786,0.21012945726331594,0.5608855640358181,0.9478568265645573,0.04530505901162695,3.18217856882621,0.7069213152896079,0.25624869820004753,0.6947455065073738,0.2507135796456307
ml_scoreline,overall,2023-2024,380,0.1916038634540094,0.17898945675118105,0.20455056108541733,0.5507094462519115,0.9366064810297408,0.05003280238077931,3.081801518542649,0.6662021740986028,0.23674274083455632,0.6680702062574176,0.23760251168712068
ml_scoreline,cold_start_involved,2023-2024,10,0.1987640261974137,0.13704004816427776,0.26937106395246346,0.552427349721308,0.946511742657479,0.15855813346733438,2.6770487535084557,0.6744675870322986,0.24078836793429326,0.6958526913521368,0.2510078553509981
ml_scoreline,established_only,2023-2024,370,0.19141034554202555,0.17854279700813133,0.20482632955118796,0.5506630164284142,0.9363387712560182,0.051224764521904435,3.0927407824624917,0.6659787845598543,0.23663339956159046,0.6673193282818847,0.23724020510161048
dixon_coles,overall,2024-2025,380,0.21742732235288667,0.20469786874539408,0.2307371889014926,0.6189161156389845,1.029874526776423,0.04884748110618954,3.029488861483193,0.6814289947241383,0.24422764094530056,0.6862008718498518,0.24651197648040005
dixon_coles,cold_start_involved,2024-2025,10,0.20211920076310017,0.1633921668491403,0.24084623467706007,0.7127152045786008,1.172946762685871,0.07090988695346695,3.179526334863199,0.6957787398379154,0.2513157072286746,0.6588140741380987,0.23288415126608175
dixon_coles,established_only,2024-2025,370,0.21784105536882686,0.20565934967665728,0.2317580863770289,0.616381005127103,1.0260077095896813,0.048251199867073935,3.025433794635085,0.6810411637751174,0.24403607158629048,0.6869410555717911,0.24688029608078702
bivariate_poisson,overall,2024-2025,380,0.21752817652867673,0.20465065741285873,0.23099255091885584,0.6190356017358672,1.030178512277435,0.04705270563200947,3.0329619298808344,0.6814702820437668,0.24425693539158969,0.6857818145088486,0.2463012404810692
bivariate_poisson,cold_start_involved,2024-2025,10,0.20211920076310017,0.1633921668491403,0.24084623467706007,0.7127152045786008,1.172946762685871,0.07090988695346695,3.179526334863199,0.6957787398379154,0.2513157072286746,0.6588140741380987,0.23288415126608175
bivariate_poisson,established_only,2024-2025,370,0.21794463533315175,0.2056092656736853,0.23203459620033434,0.6165037205779551,1.0263199109150445,0.04640791694764575,3.029000729746176,0.6810835669682491,0.24406615777437116,0.6865106723567065,0.24666386451390668
ml_scoreline,overall,2024-2025,380,0.19886499746164538,0.18644980721240273,0.21187803539010772,0.5827646610367919,0.9785871990083205,0.043851563659221084,2.941873010237833,0.6738143492248317,0.24054505252106664,0.6778544247606594,0.24245028260870258
ml_scoreline,cold_start_involved,2024-2025,10,0.1524153098770075,0.11024773741166036,0.19535228502329696,0.6170712000156094,1.0277225832703245,0.33125292901808645,2.9120533515978995,0.6848326770530886,0.24816226452424267,0.637641746352797,0.22237190892276462
ml_scoreline,established_only,2024-2025,370,0.2001203944233923,0.18701676336311696,0.21271070091340738,0.5818374572806079,0.9772592156498877,0.051119979663093784,2.942678946957831,0.6735165565808248,0.2403391819263862,0.6789412539068179,0.24299294135697116
dixon_coles,overall,2025-2026,380,0.21174679330247176,0.1994485799497238,0.2235261077054031,0.6230608640119022,1.036163872840928,0.08382019455420649,2.8938396768547285,0.6820132083372923,0.244319653713599,0.6821146882129223,0.24456051887082805
dixon_coles,cold_start_involved,2025-2026,10,0.22793722337240677,0.18921018945844686,0.25407797126432946,0.6676233402344405,1.1004865128861345,0.12909011304653306,2.625539955510182,0.6983290032739965,0.25259076984073253,0.7174701201103468,0.26211910041615705
dixon_coles,established_only,2025-2026,370,0.21130921411139242,0.1994981368061123,0.22255370931110585,0.6218564727626447,1.0344254231099763,0.08259668324360309,2.9010910206748517,0.6815722409065705,0.2440961100344873,0.6811591359994784,0.24408596261284618
bivariate_poisson,overall,2025-2026,380,0.21174117458922223,0.1992878368687204,0.2236672651019791,0.6228347455229235,1.0356137328451553,0.08934225507523808,2.893176252725694,0.6819065220874354,0.24428529863288956,0.6819297397952352,0.24446594007172645
bivariate_poisson,cold_start_involved,2025-2026,10,0.22793722337240677,0.18921018945844686,0.25407797126432946,0.6676233402344405,1.1004865128861345,0.12909011304653306,2.625539955510182,0.6983290032739965,0.25259076984073253,0.7174701201103468,0.26211910041615705
bivariate_poisson,established_only,2025-2026,370,0.21130344354102804,0.19936117218322838,0.22269025499489534,0.6216242429631529,1.0338604144656696,0.08826798864358144,2.900409666163952,0.6814626712445552,0.244060826438083,0.6809691889759079,0.24398882762998508
ml_scoreline,overall,2025-2026,380,0.2073181494415363,0.19458119702497928,0.21972600315436058,0.6150976559598798,1.023639424666793,0.026056369672924774,2.8857886019026195,0.6910733938985385,0.24897099899897449,0.6883012760819643,0.24758756376565516
ml_scoreline,cold_start_involved,2025-2026,10,0.26798835365507356,0.18121699948628978,0.3664722661645226,0.7417315229076857,1.214583650189261,0.2092898757584192,2.6853798392295465,0.6696690419730985,0.23844218807358492,0.7132339108746873,0.26000225403187427
ml_scoreline,established_only,2025-2026,370,0.20567841419252178,0.19340585635992125,0.21777307350741398,0.6116751190153442,1.0184787699229427,0.02554954407055621,2.8912050549478385,0.6916518898965235,0.24925556145641747,0.6876274210875666,0.2472520315962979
